event_time,open,close,high,low,volume
1562328000000,0.00449,0.0042,0.0046,0.00376,60726008
1562328060000,0.0041999,0.0043,0.004387,0.0041998,84307704
1562328120000,0.0043001,0.0044745,0.0044745,0.0043,48182744
1562328180000,0.00445,0.00425,0.00445,0.004169,66457853
1562328240000,0.0042501,0.00435,0.004385,0.0042501,22016425
1562328300000,0.0043402,0.004281,0.0043402,0.0042538,13095442
1562328360000,0.00429,0.00413,0.0043,0.00413,58156052
1562328420000,0.0041276,0.0041304,0.0041895,0.00405,43984322
1562328480000,0.0041161,0.0041,0.0041675,0.0041,20857272
1562328540000,0.0041,0.0040216,0.0041173,0.004,15192433
1562328600000,0.0040216,0.0039701,0.0040687,0.0039661,13611631
1562328660000,0.0039735,0.0038693,0.00399,0.0038693,38008712
1562328720000,0.003866,0.0038838,0.0039373,0.0038648,32401591
1562328780000,0.0039094,0.00381,0.0039094,0.0038,82344866
1562328840000,0.0038094,0.00387,0.0039,0.0038022,16290740
1562328900000,0.0038609,0.00388,0.0039059,0.0038591,15465942
1562328960000,0.00388,0.00391,0.0039146,0.0038702,11651689
1562329020000,0.00391,0.0039156,0.00394,0.0039025,19958969
1562329080000,0.0039156,0.0038967,0.0039156,0.0038899,21665879
1562329140000,0.00389,0.0039289,0.0039321,0.0038808,5243536
1562329200000,0.0039288,0.003953,0.0039642,0.0039288,13822989
1562329260000,0.0039401,0.0039,0.003946,0.0039,6712515
1562329320000,0.0039245,0.003955,0.003955,0.0039236,21284688
1562329380000,0.0039337,0.00392,0.003942,0.0039129,5160645
1562329440000,0.0039253,0.0038765,0.0039253,0.0038702,20049505
1562329500000,0.0038702,0.0038495,0.0038726,0.00381,18494413
1562329560000,0.0038431,0.0038556,0.0038579,0.0038136,4863856
1562329620000,0.0038436,0.0038395,0.003855,0.0038395,4597938
1562329680000,0.0038395,0.0037814,0.0038395,0.0037627,14164687
1562329740000,0.0037814,0.0038104,0.0038104,0.0037814,12415741
1562329800000,0.0038229,0.00381,0.0038229,0.003782,4488370
1562329860000,0.0038069,0.00386,0.00386,0.0038069,6436490
1562329920000,0.0038569,0.0038471,0.0038599,0.0038102,6321878
1562329980000,0.0038469,0.0038403,0.003847,0.0038131,1257411
1562330040000,0.0038426,0.0038983,0.0038984,0.0038426,1974448
1562330100000,0.0038983,0.003898,0.0038983,0.0038601,405921
1562330160000,0.00388,0.0038721,0.0039196,0.0038702,8559943
1562330220000,0.0038995,0.0038602,0.0039,0.0038602,12140610
1562330280000,0.0038602,0.0038732,0.0038779,0.0038575,2359119
1562330340000,0.0038727,0.0038951,0.0039088,0.0038612,6974874
1562330400000,0.0038969,0.0038953,0.003897,0.0038802,930567
1562330460000,0.0038952,0.0038902,0.0038952,0.0038602,1896441
1562330520000,0.0038901,0.0038898,0.0038901,0.0038823,1368495
1562330580000,0.0038898,0.0039,0.0039,0.0038602,16336525
1562330640000,0.0038956,0.0038682,0.0039,0.0038638,3241424
1562330700000,0.0038942,0.00389,0.0038954,0.0038694,2557674
1562330760000,0.00389,0.00388,0.0038955,0.0038737,4690391
1562330820000,0.00388,0.0038891,0.003895,0.0038739,1711698
1562330880000,0.0038888,0.0038704,0.0038939,0.00387,4010569
1562330940000,0.003891,0.0038909,0.0038913,0.00387,10636028
1562331000000,0.0038907,0.0038894,0.0038907,0.00387,4942526
1562331060000,0.0038893,0.00389,0.00389,0.003887,1166530
1562331120000,0.0038899,0.003898,0.003898,0.0038899,3566684
1562331180000,0.003898,0.003898,0.003898,0.0038922,7573182
1562331240000,0.003898,0.0038979,0.003898,0.0038979,3495899
1562331300000,0.0038969,0.0039142,0.0039249,0.0038871,12824655
1562331360000,0.0039142,0.00389,0.0039198,0.00389,1062095
1562331420000,0.0039138,0.0039125,0.0039138,0.0039005,2661331
1562331480000,0.0039099,0.003912,0.003913,0.0039006,1378523
1562331540000,0.0039018,0.0039249,0.0039249,0.0039018,1273636
1562331600000,0.0039153,0.0039262,0.0039284,0.003898,3146484
1562331660000,0.0039244,0.003922,0.003926,0.0039177,51459
1562331720000,0.0039259,0.0039194,0.003926,0.0039008,5006409
1562331780000,0.0039194,0.0039191,0.0039194,0.0039009,2102032
1562331840000,0.0039189,0.0038865,0.003919,0.0038774,4218741
1562331900000,0.0038865,0.0038802,0.0038981,0.003875,3734655
1562331960000,0.0038799,0.0038989,0.0038989,0.0038145,5933951
1562332020000,0.0038979,0.003893,0.0039065,0.0038927,4307517
1562332080000,0.0038951,0.0039018,0.0039018,0.0038833,1115813
1562332140000,0.003901,0.0038915,0.003901,0.0038915,269830
1562332200000,0.0038933,0.0038933,0.0038967,0.0038814,1763146
1562332260000,0.0038922,0.0039,0.0039029,0.0038753,3213018
1562332320000,0.0038951,0.0038665,0.0038951,0.0038665,3842478
1562332380000,0.0038702,0.0038498,0.0038738,0.0038483,2427792
1562332440000,0.0038433,0.0038575,0.0038575,0.0038433,1931638
1562332500000,0.0038558,0.0038434,0.0038559,0.003835,1957928
1562332560000,0.0038374,0.00383,0.0038379,0.00383,2258247
1562332620000,0.0038227,0.0037918,0.0038227,0.0037913,6109761
1562332680000,0.0038009,0.0038019,0.0038494,0.0037977,1856859
1562332740000,0.0038043,0.0038041,0.0038446,0.0038041,822901
1562332800000,0.0038101,0.0038047,0.0038435,0.0038045,1061201
1562332860000,0.0038047,0.003801,0.0038047,0.0037999,4259416
1562332920000,0.0038002,0.003791,0.0038023,0.003791,3251144
1562332980000,0.003791,0.00379,0.003791,0.00379,6299337
1562333040000,0.00379,0.0037801,0.00379,0.003776,3998748
1562333100000,0.0037801,0.003767,0.0037801,0.0037667,1437007
1562333160000,0.0037676,0.0037652,0.0037677,0.003765,2682404
1562333220000,0.0037653,0.0037661,0.0037787,0.0037653,763753
1562333280000,0.0037662,0.0037994,0.0037999,0.0037662,2564644
1562333340000,0.0037977,0.0037791,0.0037985,0.003778,842507
1562333400000,0.0037791,0.0038221,0.0038495,0.0037791,6236270
1562333460000,0.0038163,0.0037807,0.0038313,0.0037807,3081516
1562333520000,0.0037832,0.0037851,0.00379,0.0037663,4018135
1562333580000,0.00379,0.0037978,0.0038151,0.0037889,2708624
1562333640000,0.0037979,0.0037925,0.0037979,0.0037908,1711084
1562333700000,0.0038149,0.00379,0.003815,0.00379,1985367
1562333760000,0.00379,0.0038145,0.0038165,0.0037852,2319160
1562333820000,0.0038001,0.0038054,0.0038055,0.0038,128393
1562333880000,0.0038055,0.0038021,0.0038144,0.0038001,399976
1562333940000,0.0038,0.0038091,0.0038091,0.0037933,893765
1562334000000,0.0038125,0.0038165,0.0038165,0.0038123,4065671
1562334060000,0.0038165,0.0038341,0.0038341,0.0038157,494910
1562334120000,0.0038367,0.0038366,0.0038434,0.0038307,1000392
1562334180000,0.003835,0.00385,0.00385,0.003835,6938308
1562334240000,0.0038468,0.0038404,0.003885,0.0038375,4201987
1562334300000,0.0038419,0.0038503,0.0038736,0.0038419,2044625
1562334360000,0.00386,0.00386,0.0038601,0.0038504,1190188
1562334420000,0.00386,0.0038727,0.00388,0.00386,5563238
1562334480000,0.0038616,0.0038516,0.0038723,0.0038515,5168576
1562334540000,0.0038516,0.0038397,0.0038516,0.0038308,8004146
1562334600000,0.003835,0.0038331,0.0038597,0.0038319,1097581
1562334660000,0.0038331,0.003828,0.0038331,0.00381,2928561
1562334720000,0.0038102,0.00381,0.003811,0.00381,135731
1562334780000,0.0038097,0.003806,0.0038173,0.003806,983980
1562334840000,0.003806,0.0038,0.0038199,0.0038,1290487
1562334900000,0.0038199,0.0038197,0.0038199,0.0038062,618540
1562334960000,0.003808,0.0038286,0.0038288,0.003808,1119687
1562335020000,0.0038284,0.0038237,0.0038284,0.0038235,1121678
1562335080000,0.0038249,0.0038284,0.00383,0.003807,2100944
1562335140000,0.0038218,0.0038353,0.00384,0.0038218,2221927
1562335200000,0.003845,0.0038287,0.003845,0.0038174,2075486
1562335260000,0.0038241,0.0038328,0.0038348,0.0038241,353273
1562335320000,0.0038273,0.0038272,0.0038273,0.0038203,2771916
1562335380000,0.0038256,0.0038307,0.0038309,0.0038256,146155
1562335440000,0.0038307,0.0038307,0.0038307,0.0038307,168688
1562335500000,0.0038275,0.0038399,0.0038399,0.0038275,585909
1562335560000,0.0038353,0.0038256,0.0038353,0.0038256,1392464
1562335620000,0.0038269,0.00382,0.0038312,0.00382,3954959
1562335680000,0.00382,0.0038238,0.0038239,0.0038153,643353
1562335740000,0.0038226,0.0038221,0.0038275,0.0038139,430671
1562335800000,0.0038165,0.0038262,0.0038262,0.0038164,154631
1562335860000,0.0038261,0.0038259,0.0038261,0.0038259,402143
1562335920000,0.0038258,0.0038337,0.0038359,0.0038258,3234175
1562335980000,0.0038333,0.0038368,0.003838,0.0038333,1069097
1562336040000,0.0038368,0.0038358,0.0038375,0.0038358,1464985
1562336100000,0.0038358,0.0038468,0.0038468,0.0038358,2017666
1562336160000,0.0038427,0.0038495,0.0038497,0.0038363,1928268
1562336220000,0.0038388,0.0038499,0.00385,0.0038388,313586
1562336280000,0.0038499,0.003859,0.0038594,0.003847,1267175
1562336340000,0.003859,0.00386,0.00386,0.0038491,1979866
1562336400000,0.003876,0.0038999,0.0039,0.0038589,10328795
1562336460000,0.0038999,0.0039001,0.00391,0.0038783,2550851
1562336520000,0.0039001,0.0038747,0.0039001,0.0038747,714721
1562336580000,0.003888,0.0039179,0.0039179,0.003888,3038192
1562336640000,0.0039179,0.003919,0.00392,0.0039118,2205776
1562336700000,0.0039189,0.0039103,0.0039189,0.0039103,957072
1562336760000,0.0039085,0.0039,0.0039094,0.0038939,2528876
1562336820000,0.0038902,0.0038546,0.0038963,0.0038393,9072532
1562336880000,0.0038551,0.0038636,0.0038636,0.003855,1694310
1562336940000,0.0038636,0.0038637,0.0038675,0.0038636,2621223
1562337000000,0.0038748,0.003874,0.0038914,0.003874,1699555
1562337060000,0.003874,0.0038741,0.0038894,0.003874,1074661
1562337120000,0.0038742,0.003874,0.0038843,0.0038716,3088807
1562337180000,0.0038736,0.0038736,0.0038737,0.0038736,3316428
1562337240000,0.0038736,0.0038763,0.0038763,0.0038736,1801784
1562337300000,0.0038736,0.003872,0.0038778,0.003872,1528935
1562337360000,0.0038731,0.0038693,0.0038732,0.0038693,406881
1562337420000,0.003865,0.0038644,0.003865,0.0038644,511855
1562337480000,0.0038644,0.003871,0.0038766,0.0038572,2564571
1562337540000,0.003871,0.0038627,0.003871,0.0038601,502838
1562337600000,0.0038798,0.0038627,0.0038798,0.003855,768995
1562337660000,0.0038797,0.0038797,0.0038797,0.0038789,14555
1562337720000,0.0038797,0.0038594,0.0038798,0.0038594,328423
1562337780000,0.0038625,0.0038776,0.0038785,0.0038625,427742
1562337840000,0.0038774,0.0038549,0.0038774,0.0038534,232229
1562337900000,0.0038505,0.00384,0.0038505,0.00384,1854137
1562337960000,0.0038401,0.00384,0.0038475,0.00384,1326417
1562338020000,0.0038475,0.0038716,0.0038717,0.00384,1252209
1562338080000,0.0038456,0.0038462,0.0038711,0.0038449,5143659
1562338140000,0.0038504,0.0038504,0.0038504,0.0038504,38119
1562338200000,0.00385,0.00384,0.00385,0.00384,3238086
1562338260000,0.0038399,0.0038378,0.00384,0.0038378,820725
1562338320000,0.0038399,0.0038467,0.0038467,0.0038399,1362622
1562338380000,0.0038467,0.0038462,0.0038509,0.0038461,2164940
1562338440000,0.0038661,0.003867,0.003867,0.0038563,546357
1562338500000,0.0038578,0.0038626,0.0038626,0.0038405,621218
1562338560000,0.0038623,0.0038632,0.0038632,0.0038621,748036
1562338620000,0.0038632,0.0038542,0.0038632,0.0038528,2904988
1562338680000,0.003861,0.003856,0.003861,0.0038531,1003353
1562338740000,0.0038532,0.0038413,0.0038532,0.0038299,2157121
1562338800000,0.0038373,0.0038399,0.0038525,0.0038373,1070187
1562338860000,0.00384,0.0038332,0.00384,0.0038332,418236
1562338920000,0.00384,0.0038511,0.0038511,0.0038351,586432
1562338980000,0.0038577,0.0038567,0.0038579,0.0038521,1184017
1562339040000,0.0038567,0.0038586,0.0038689,0.0038563,1448692
1562339100000,0.0038677,0.0038686,0.0038687,0.0038372,879461
1562339160000,0.0038677,0.0038678,0.0038678,0.0038677,80370
1562339220000,0.0038573,0.0038599,0.00386,0.0038564,729647
1562339280000,0.0038599,0.00385,0.00386,0.00385,503222
1562339340000,0.0038501,0.00385,0.0038501,0.00385,420211
1562339400000,0.0038463,0.0038623,0.0038652,0.0038366,1956452
1562339460000,0.0038577,0.0038551,0.0038577,0.0038549,679472
1562339520000,0.0038394,0.0038047,0.0038394,0.0038047,3157174
1562339580000,0.0038051,0.0038382,0.0038382,0.0038,1188997
1562339640000,0.0038382,0.0038382,0.0038382,0.0038382,0
1562339700000,0.0038111,0.0038125,0.003817,0.00381,1759550
1562339760000,0.0038037,0.003804,0.0038122,0.0038036,571020
1562339820000,0.003804,0.0038112,0.0038121,0.0038038,166110
1562339880000,0.003811,0.0038002,0.0038112,0.0038002,640544
1562339940000,0.0038002,0.0038013,0.003813,0.0038002,900837
1562340000000,0.0038025,0.0038013,0.0038039,0.0038013,687485
1562340060000,0.0038013,0.0038,0.0038013,0.0038,2470263
1562340120000,0.0038001,0.0037802,0.0038001,0.0037802,965561
1562340180000,0.0037802,0.0037716,0.0037997,0.0037716,4465491
1562340240000,0.0037789,0.0037803,0.0038079,0.0037781,1639306
1562340300000,0.0037813,0.0037781,0.0038077,0.0037781,1469889
1562340360000,0.0037864,0.0037741,0.0037864,0.0037741,599058
1562340420000,0.0037971,0.003796,0.0037971,0.003796,428012
1562340480000,0.0037912,0.0037701,0.0038018,0.0037701,3788515
1562340540000,0.0038064,0.0037627,0.0038065,0.0037627,4352968
1562340600000,0.0037627,0.0037501,0.0037627,0.0037306,5764592
1562340660000,0.003751,0.0037501,0.0037574,0.0037501,1785663
1562340720000,0.0037518,0.0037666,0.0038237,0.0037518,2671301
1562340780000,0.0037699,0.0037731,0.0037873,0.0037698,671842
1562340840000,0.003773,0.003768,0.0037777,0.003768,1533982
1562340900000,0.003768,0.0037584,0.0037743,0.0037584,2752958
1562340960000,0.003765,0.0037667,0.0037667,0.0037525,886183
1562341020000,0.0037666,0.0037638,0.00377,0.0037638,1682164
1562341080000,0.0037687,0.0037536,0.003769,0.0037536,1433541
1562341140000,0.0037644,0.00378,0.00378,0.0037579,1682737
1562341200000,0.0037709,0.0037752,0.003785,0.0037709,3015145
1562341260000,0.003785,0.0037907,0.0038,0.0037819,6740794
1562341320000,0.0037879,0.003777,0.003788,0.003777,657642
1562341380000,0.0037786,0.0037876,0.0037876,0.0037786,1133969
1562341440000,0.0037831,0.0037732,0.0037831,0.0037732,1062104
1562341500000,0.0037905,0.0037529,0.0037908,0.0037529,1941522
1562341560000,0.0037549,0.0037557,0.003767,0.0037549,390607
1562341620000,0.0037557,0.00374,0.0037693,0.00374,1713810
1562341680000,0.0037633,0.0037579,0.0037633,0.003738,676591
1562341740000,0.0037567,0.0037386,0.0037567,0.0037382,133115
1562341800000,0.0037403,0.0037415,0.0037415,0.0037403,134028
1562341860000,0.0037599,0.0037404,0.00376,0.0037404,3367374
1562341920000,0.0037567,0.00376,0.00376,0.0037567,3036913
1562341980000,0.0037443,0.0037439,0.0037443,0.003735,2585205
1562342040000,0.0037432,0.00371,0.0037432,0.00371,4382907
1562342100000,0.00371,0.00371,0.00371,0.00371,57557
1562342160000,0.0037275,0.0037371,0.0037371,0.0037275,84709
1562342220000,0.003733,0.00372,0.0037395,0.0037111,3239367
1562342280000,0.0037207,0.0037426,0.00375,0.0037206,3767762
1562342340000,0.0037426,0.0037379,0.0037426,0.0037204,2611465
1562342400000,0.0037276,0.0037272,0.0037338,0.00372,1444024
1562342460000,0.0037203,0.00371,0.0037203,0.00371,2407928
1562342520000,0.00371,0.00369,0.00371,0.0036869,6482676
1562342580000,0.0036902,0.0036908,0.003692,0.0036847,904230
1562342640000,0.003692,0.0036921,0.0036969,0.0036892,3192220
1562342700000,0.0036958,0.0036717,0.003696,0.0036671,5650734
1562342760000,0.0036879,0.0036708,0.0036879,0.0036599,7353259
1562342820000,0.0036708,0.0036811,0.0036971,0.0036592,3977102
1562342880000,0.0036811,0.00366,0.0036811,0.00366,8024624
1562342940000,0.00366,0.0036613,0.0036613,0.0036539,3908649
1562343000000,0.0036608,0.003667,0.0036671,0.0036562,2393345
1562343060000,0.003669,0.0036902,0.0036903,0.003669,378602
1562343120000,0.0036735,0.0036726,0.00368,0.0036623,1014193
1562343180000,0.0036723,0.00368,0.0036815,0.0036723,3028663
1562343240000,0.0036732,0.0036602,0.0036732,0.0036601,1462069
1562343300000,0.0036602,0.0036601,0.0036631,0.0036601,412127
1562343360000,0.0036693,0.00367,0.0036722,0.0036693,351368
1562343420000,0.003661,0.0036607,0.0036697,0.0036601,1705879
1562343480000,0.0036698,0.0036699,0.0036699,0.0036633,366924
1562343540000,0.0036699,0.0036434,0.0036699,0.0036434,2065429
1562343600000,0.003644,0.0036668,0.0036668,0.003644,99783
1562343660000,0.0036669,0.00369,0.00369,0.0036604,5051531
1562343720000,0.0036774,0.0036785,0.0036885,0.0036442,1884676
1562343780000,0.0036781,0.0036744,0.003684,0.00367,1964916
1562343840000,0.003669,0.0036591,0.0036812,0.0036591,2603728
1562343900000,0.0036594,0.0036741,0.0036773,0.0036594,817041
1562343960000,0.0036742,0.0036723,0.0036841,0.0036722,2047712
1562344020000,0.0036723,0.0036913,0.0036913,0.0036723,221520
1562344080000,0.0036813,0.0036869,0.0036915,0.00367,1414530
1562344140000,0.0036907,0.0036948,0.0036948,0.0036774,1873564
1562344200000,0.0036972,0.003687,0.0037148,0.003687,3297775
1562344260000,0.0036869,0.0037035,0.0037147,0.00368,2366379
1562344320000,0.0037027,0.0037081,0.0037083,0.0037027,744156
1562344380000,0.003708,0.0037017,0.003708,0.0037008,527846
1562344440000,0.0037079,0.0037058,0.0037137,0.0037025,686330
1562344500000,0.0037137,0.00371,0.0037138,0.0037037,2070538
1562344560000,0.00371,0.0036965,0.00371,0.0036965,1748532
1562344620000,0.0036948,0.0036802,0.0036948,0.00368,401920
1562344680000,0.0036813,0.0036813,0.0036813,0.0036813,34346
1562344740000,0.0037132,0.0037132,0.0037132,0.0037093,1545616
1562344800000,0.0037129,0.0036933,0.0037129,0.0036873,123518
1562344860000,0.0037,0.0037,0.0037003,0.0036999,109606
1562344920000,0.0037001,0.0037066,0.0037066,0.0037,1068167
1562344980000,0.0037066,0.0037075,0.0037075,0.0037065,1083336
1562345040000,0.0037051,0.003705,0.0037129,0.003705,340325
1562345100000,0.0037,0.0036974,0.0037,0.0036837,1485976
1562345160000,0.003682,0.0036845,0.003714,0.003682,2621130
1562345220000,0.0036857,0.0036845,0.0036857,0.003676,3410314
1562345280000,0.0036884,0.0036779,0.0036962,0.0036764,2324457
1562345340000,0.0036761,0.0036774,0.0036859,0.0036381,6041975
1562345400000,0.0036665,0.0036779,0.00368,0.0036665,814016
1562345460000,0.0036785,0.0036825,0.0036825,0.003652,2319580
1562345520000,0.0036825,0.0036812,0.0036832,0.0036673,1292192
1562345580000,0.0036811,0.003681,0.0036812,0.0036725,341822
1562345640000,0.003681,0.0036805,0.0036852,0.0036754,701548
1562345700000,0.0036835,0.0036787,0.0036835,0.0036684,1933296
1562345760000,0.0036788,0.0036616,0.0036788,0.0036616,1594496
1562345820000,0.0036636,0.0036652,0.0036696,0.0036636,572708
1562345880000,0.003672,0.00365,0.0036721,0.0036364,2511671
1562345940000,0.0036632,0.0036664,0.0036713,0.0036589,1644462
1562346000000,0.003659,0.003666,0.0036758,0.0036543,1639524
1562346060000,0.003666,0.003672,0.00368,0.0036629,2018934
1562346120000,0.003672,0.0036545,0.003672,0.0036545,2593738
1562346180000,0.0036543,0.00364,0.0036622,0.0036368,3953892
1562346240000,0.003648,0.00364,0.003648,0.00364,3821260
1562346300000,0.00364,0.0036229,0.00364,0.0036198,4127409
1562346360000,0.0036254,0.0036233,0.0036497,0.0036231,970189
1562346420000,0.0036428,0.003643,0.003643,0.0036428,119445
1562346480000,0.0036235,0.0036288,0.0036288,0.0036235,154694
1562346540000,0.0036447,0.0036448,0.0036448,0.0036447,803380
1562346600000,0.0036241,0.0036241,0.0036241,0.0036241,13102
1562346660000,0.0036278,0.0036296,0.0036399,0.0036277,268102
1562346720000,0.00363,0.0036303,0.0036303,0.00363,138768
1562346780000,0.003635,0.0036303,0.003635,0.0036303,742897
1562346840000,0.0036303,0.0036237,0.0036339,0.0036236,1425566
1562346900000,0.0036313,0.0036236,0.0036313,0.0036236,2111167
1562346960000,0.0036236,0.0036137,0.0036313,0.0036137,2840666
1562347020000,0.0036137,0.003605,0.003619,0.003605,2218305
1562347080000,0.003605,0.0035874,0.003605,0.00355,7720210
1562347140000,0.003587,0.0035904,0.0036,0.0035837,3293873
1562347200000,0.0035991,0.0035929,0.0035991,0.0035886,1468109
1562347260000,0.0035951,0.0035938,0.0036,0.0035937,1319003
1562347320000,0.0035928,0.0035918,0.0035928,0.0035843,1167560
1562347380000,0.0035849,0.0035911,0.0035937,0.0035835,3640048
1562347440000,0.0035937,0.0036075,0.0036199,0.0035911,2433020
1562347500000,0.0036178,0.0036167,0.0036178,0.0036144,996467
1562347560000,0.0036147,0.0036194,0.0036254,0.0036147,1952539
1562347620000,0.0036166,0.0035954,0.0036339,0.0035679,8510718
1562347680000,0.0035913,0.0035932,0.0035994,0.0035871,964538
1562347740000,0.0035938,0.0035996,0.0035996,0.0035733,1437427
1562347800000,0.0036,0.003599,0.0036055,0.0035954,753003
1562347860000,0.003595,0.0036012,0.0036012,0.003595,151671
1562347920000,0.003599,0.0036015,0.0036098,0.003599,747272
1562347980000,0.0036003,0.0035923,0.0036176,0.0035767,14269830
1562348040000,0.003594,0.0036084,0.0036188,0.0035929,20312152
1562348100000,0.0036065,0.0036181,0.003629,0.0036064,1421051
1562348160000,0.0036166,0.0036252,0.0036358,0.0036141,4219567
1562348220000,0.0036251,0.0036137,0.0036319,0.00358,3814039
1562348280000,0.0036314,0.0036174,0.0036416,0.003599,7334642
1562348340000,0.0036168,0.0036112,0.0036726,0.0036112,3301422
1562348400000,0.0036014,0.0036303,0.0036307,0.0036011,203724
1562348460000,0.0036299,0.0036286,0.0036299,0.0036285,359702
1562348520000,0.0036289,0.0036367,0.0036367,0.003621,610164
1562348580000,0.0036336,0.0036077,0.0036336,0.0036077,85667
1562348640000,0.0036315,0.0036316,0.0036337,0.0036315,54471
1562348700000,0.0036316,0.0036316,0.0036316,0.0036316,0
1562348760000,0.0036337,0.0036216,0.0036338,0.0036216,954730
1562348820000,0.0036307,0.0036302,0.0036307,0.00361,2290220
1562348880000,0.0036244,0.0036216,0.0036386,0.0036216,4021125
1562348940000,0.003616,0.0036143,0.0036218,0.0036143,618435
1562349000000,0.0036141,0.0036234,0.0036238,0.00361,2935256
1562349060000,0.0036237,0.0036288,0.0036342,0.0036237,4135304
1562349120000,0.0036288,0.0036103,0.0036288,0.0036094,2466249
1562349180000,0.0036161,0.0036149,0.0036179,0.0035801,3080896
1562349240000,0.003614,0.0036025,0.0036211,0.0036025,2225054
1562349300000,0.003612,0.00361,0.0036288,0.0036084,685762
1562349360000,0.0036227,0.0036227,0.0036228,0.0036227,498918
1562349420000,0.0036227,0.0036289,0.0036289,0.0036135,287966
1562349480000,0.003628,0.0036204,0.0036289,0.0036204,737366
1562349540000,0.0036222,0.0036276,0.0036276,0.003622,834714
1562349600000,0.0036216,0.0036232,0.0036278,0.0036214,1404139
1562349660000,0.0036234,0.0036279,0.0036279,0.0036117,1035467
1562349720000,0.0036286,0.0036298,0.00363,0.0036286,372472
1562349780000,0.0036298,0.0036298,0.0036298,0.0036298,0
1562349840000,0.0036175,0.0036096,0.0036175,0.0036096,1529392
1562349900000,0.003611,0.003605,0.0036157,0.0035924,1621910
1562349960000,0.003605,0.0036155,0.0036155,0.0036045,617591
1562350020000,0.0036155,0.0036184,0.0036184,0.0036155,3772117
1562350080000,0.0036183,0.0036127,0.0036183,0.0036095,1442793
1562350140000,0.003613,0.0036154,0.003616,0.0036127,2085364
1562350200000,0.0036154,0.0036154,0.003619,0.0036154,2514793
1562350260000,0.0036154,0.0037306,0.0037306,0.0036086,6785239
1562350320000,0.0036104,0.0036052,0.0036485,0.0035847,3743778
1562350380000,0.0036055,0.0035899,0.0036087,0.0035899,1453295
1562350440000,0.0035954,0.0035911,0.0035959,0.0035899,168076
1562350500000,0.0035926,0.0035905,0.0035929,0.0035892,554566
1562350560000,0.0035927,0.0035834,0.0036,0.0035834,1933341
1562350620000,0.0035915,0.0035915,0.0035915,0.003589,1284652
1562350680000,0.0035896,0.0035907,0.0035915,0.0035896,494886
1562350740000,0.0035898,0.0035801,0.0035898,0.0035801,159021
1562350800000,0.003581,0.0035874,0.0035874,0.0035792,691835
1562350860000,0.003584,0.0035865,0.0035865,0.00358,724162
1562350920000,0.0035872,0.0035883,0.0035883,0.0035812,478043
1562350980000,0.0035911,0.003595,0.003595,0.0035911,1474347
1562351040000,0.0035959,0.003596,0.003596,0.0035959,127682
1562351100000,0.0036015,0.0035919,0.0036015,0.0035874,561391
1562351160000,0.0035966,0.003625,0.003625,0.0035966,1650578
1562351220000,0.0036145,0.0036196,0.0036397,0.0036145,855615
1562351280000,0.0036196,0.0036196,0.0036196,0.0036196,0
1562351340000,0.0036196,0.003687,0.003687,0.0036,3043248
1562351400000,0.0036246,0.003628,0.003687,0.0036246,1427011
1562351460000,0.0036363,0.0036365,0.0036558,0.0036363,1903620
1562351520000,0.0036462,0.0036366,0.0036613,0.0036365,408011
1562351580000,0.0036493,0.0036513,0.0036569,0.0036493,139283
1562351640000,0.0036512,0.0036432,0.0036512,0.003625,1128501
1562351700000,0.0036361,0.0036499,0.0036518,0.0036361,57828
1562351760000,0.0036499,0.0036405,0.00365,0.0036405,84119
1562351820000,0.0036407,0.003652,0.003652,0.0036406,589827
1562351880000,0.003652,0.0036336,0.003652,0.0036318,755669
1562351940000,0.0036411,0.0036238,0.0036427,0.0036,2019198
1562352000000,0.0036289,0.0036283,0.003629,0.0036271,758253
1562352060000,0.0036283,0.0036216,0.003629,0.0036204,898957
1562352120000,0.0036287,0.0036311,0.0036311,0.0036287,233673
1562352180000,0.0036406,0.0036331,0.0036406,0.0036331,581611
1562352240000,0.0036405,0.0036464,0.003654,0.0036405,791823
1562352300000,0.0036465,0.0036433,0.0036494,0.0036433,137583
1562352360000,0.0036459,0.0036459,0.0036459,0.0036459,16502
1562352420000,0.0036422,0.0036444,0.0036444,0.0036422,344613
1562352480000,0.0036444,0.0036444,0.0036444,0.0036444,0
1562352540000,0.0036444,0.0036444,0.0036444,0.0036444,0
1562352600000,0.0036444,0.0036355,0.0036444,0.0036303,277200
1562352660000,0.0036356,0.0036353,0.0036356,0.0036353,247539
1562352720000,0.0036354,0.0036353,0.0036354,0.0036353,278999
1562352780000,0.0036354,0.0036426,0.0036426,0.0036354,75163
1562352840000,0.0036426,0.00364,0.0036443,0.00364,606165
1562352900000,0.0036402,0.0036354,0.0036402,0.0036354,1116964
1562352960000,0.0036354,0.0036354,0.0036354,0.0036354,212204
1562353020000,0.0036353,0.00364,0.00364,0.0036353,584826
1562353080000,0.00364,0.00364,0.00364,0.00364,44516
1562353140000,0.00364,0.00364,0.00364,0.00364,648004
1562353200000,0.0036388,0.00364,0.00364,0.0036381,1300068
1562353260000,0.00364,0.00364,0.00364,0.00364,262000
1562353320000,0.00364,0.00364,0.00364,0.00364,82524
1562353380000,0.00364,0.0036431,0.0036458,0.00364,802560
1562353440000,0.0036505,0.0036516,0.0036516,0.0036503,101613
1562353500000,0.0036523,0.0036523,0.0036523,0.0036523,7644
1562353560000,0.003655,0.0036576,0.0036576,0.0036353,1776621
1562353620000,0.0036576,0.0036576,0.0036576,0.0036576,86462
1562353680000,0.0036548,0.0036661,0.0036661,0.0036548,8480
1562353740000,0.0036638,0.0036638,0.0036638,0.0036638,54452
1562353800000,0.0036661,0.0036571,0.0036661,0.0036484,659812
1562353860000,0.0036571,0.0036673,0.0036673,0.0036501,673216
1562353920000,0.0036673,0.0036747,0.003687,0.0036673,42170
1562353980000,0.003675,0.003675,0.003675,0.003675,37840
1562354040000,0.0036759,0.0036558,0.0036759,0.003645,2846283
1562354100000,0.0036558,0.0036772,0.0036791,0.0036558,835929
1562354160000,0.0036747,0.0036746,0.0036803,0.003669,1201185
1562354220000,0.0036746,0.0036746,0.0036746,0.0036746,5260
1562354280000,0.0036707,0.0036706,0.0036707,0.0036706,278880
1562354340000,0.0036663,0.0036749,0.003675,0.0036646,1024892
1562354400000,0.0036749,0.0036749,0.0036749,0.0036749,9123
1562354460000,0.0036748,0.0036749,0.0036749,0.0036688,592557
1562354520000,0.0036698,0.0036676,0.0036698,0.0036676,354069
1562354580000,0.003661,0.003661,0.003661,0.003661,13984
1562354640000,0.0036738,0.003675,0.003675,0.0036738,289427
1562354700000,0.0036744,0.0036585,0.0037,0.0036574,3475926
1562354760000,0.0036662,0.0036664,0.0036664,0.0036588,196324
1562354820000,0.0036664,0.0036607,0.0036664,0.0036508,983164
1562354880000,0.0036543,0.0036614,0.0036624,0.0036543,982446
1562354940000,0.0036622,0.0036622,0.0036622,0.0036622,18702
1562355000000,0.0036604,0.0036604,0.0036604,0.0036604,56091
1562355060000,0.0036604,0.0036604,0.0036604,0.0036604,68298
1562355120000,0.0036613,0.00368,0.00368,0.0036613,7623487
1562355180000,0.00368,0.0036878,0.0037087,0.0036784,7895717
1562355240000,0.0036999,0.0037062,0.003715,0.0036906,3960436
1562355300000,0.0037097,0.0037099,0.00372,0.0037007,3943009
1562355360000,0.00371,0.0037,0.003717,0.0036999,3452269
1562355420000,0.0037078,0.0036958,0.0037091,0.0036958,3660204
1562355480000,0.0037021,0.0036881,0.0037025,0.0036881,1201155
1562355540000,0.0037236,0.0037236,0.0037236,0.0037236,5400
1562355600000,0.0036911,0.0036975,0.0037073,0.0036911,836149
1562355660000,0.0036975,0.0036976,0.0036977,0.0036975,1217365
1562355720000,0.0036993,0.0036944,0.0037,0.0036789,4253356
1562355780000,0.0036944,0.0036944,0.0036964,0.0036868,1524806
1562355840000,0.0036959,0.0036865,0.0036968,0.0036865,1055840
1562355900000,0.0036942,0.0037016,0.003707,0.0036925,1570582
1562355960000,0.0037009,0.0036944,0.0037009,0.0036944,396682
1562356020000,0.003693,0.0037073,0.0037073,0.003693,1867219
1562356080000,0.0037025,0.003697,0.0037071,0.0036969,383087
1562356140000,0.0036928,0.00368,0.003696,0.00368,1814523
1562356200000,0.0036802,0.0036802,0.0036802,0.0036802,54009
1562356260000,0.003688,0.00369,0.00372,0.0036838,1720033
1562356320000,0.0036852,0.0036801,0.0036852,0.0036801,507483
1562356380000,0.0036828,0.0036828,0.0036828,0.0036828,787995
1562356440000,0.0036828,0.0036956,0.0036976,0.0036828,132848
1562356500000,0.0036881,0.003715,0.003715,0.003685,1003974
1562356560000,0.0037147,0.0036999,0.0037147,0.0036983,955330
1562356620000,0.0036999,0.003696,0.0036999,0.0036881,787499
1562356680000,0.0036955,0.0036882,0.0036955,0.0036882,163975
1562356740000,0.0036939,0.0036881,0.0036939,0.0036881,1198518
1562356800000,0.0036883,0.0036882,0.0036883,0.0036882,3323
1562356860000,0.0036883,0.0036949,0.003695,0.0036882,147860
1562356920000,0.003695,0.0036956,0.0037028,0.003695,59747
1562356980000,0.0036956,0.0036956,0.0036956,0.0036956,0
1562357040000,0.0037095,0.0037077,0.0037096,0.0036949,306738
1562357100000,0.0036994,0.003707,0.003707,0.0036967,776995
1562357160000,0.003705,0.003704,0.003705,0.003704,60224
1562357220000,0.0037062,0.0037134,0.0037134,0.0037062,532411
1562357280000,0.00371,0.0037121,0.0037121,0.0037062,396761
1562357340000,0.0037126,0.0037131,0.0037131,0.0037126,126585
1562357400000,0.0037133,0.0037157,0.0037161,0.0037125,757785
1562357460000,0.0037166,0.0037159,0.0037178,0.0037159,365704
1562357520000,0.0037159,0.0036968,0.0037185,0.0036968,494353
1562357580000,0.0036968,0.0036945,0.0036968,0.0036944,801242
1562357640000,0.0036968,0.0036931,0.0036968,0.0036931,208816
1562357700000,0.0036923,0.0036997,0.0037019,0.00369,1587356
1562357760000,0.0037018,0.0037169,0.0037169,0.0037018,817543
1562357820000,0.0037169,0.0037169,0.0037169,0.0037169,0
1562357880000,0.0037106,0.0037083,0.0037106,0.0037083,354628
1562357940000,0.0037082,0.0037083,0.0037083,0.0037082,338741
1562358000000,0.0037083,0.0037038,0.0037083,0.0037,752893
1562358060000,0.003709,0.003709,0.003709,0.003709,210997
1562358120000,0.0037119,0.003711,0.003712,0.003709,240626
1562358180000,0.0037117,0.0037148,0.0037148,0.0037045,1366511
1562358240000,0.0037112,0.0037057,0.0037112,0.0037045,909284
1562358300000,0.0037147,0.0037262,0.0037298,0.0037,2587054
1562358360000,0.0037299,0.0037299,0.0037299,0.0037297,183474
1562358420000,0.0037299,0.0037129,0.00373,0.0037129,121337
1562358480000,0.0037296,0.0037191,0.0037383,0.0037191,472811
1562358540000,0.0037192,0.0037237,0.0037348,0.0037124,1784113
1562358600000,0.0037151,0.003715,0.0037151,0.003715,115990
1562358660000,0.0037089,0.0037323,0.0037383,0.0037,2561173
1562358720000,0.0037207,0.003675,0.0037207,0.0036744,5825075
1562358780000,0.0036763,0.0036459,0.0036835,0.0036237,5737355
1562358840000,0.0036493,0.0036529,0.0036581,0.0036493,255829
1562358900000,0.0036529,0.0036837,0.0036837,0.0036529,505679
1562358960000,0.003689,0.0036999,0.0036999,0.003689,35237
1562359020000,0.0036994,0.0037223,0.003724,0.0036754,822561
1562359080000,0.0037111,0.0036947,0.0037111,0.0036529,1121769
1562359140000,0.0036947,0.0036947,0.0036947,0.0036947,332390
1562359200000,0.0036947,0.0036947,0.0036947,0.0036947,4059
1562359260000,0.0036947,0.0036884,0.0036947,0.0036869,806511
1562359320000,0.0036883,0.0036883,0.0036884,0.0036883,140917
1562359380000,0.003665,0.0037026,0.0037026,0.0036431,2260254
1562359440000,0.0036718,0.003719,0.003719,0.0036717,37559
1562359500000,0.0037181,0.0036555,0.0037181,0.0036555,200821
1562359560000,0.0037169,0.0037199,0.0037199,0.0037169,45911
1562359620000,0.0037199,0.0037199,0.0037199,0.0037199,0
1562359680000,0.0037184,0.003715,0.0037184,0.003715,132206
1562359740000,0.003715,0.003715,0.003715,0.003715,0
1562359800000,0.003715,0.003715,0.003715,0.003715,0
1562359860000,0.0037151,0.0037092,0.0037151,0.0037092,1228404
1562359920000,0.0036841,0.003705,0.003707,0.0036799,1240340
1562359980000,0.003705,0.003705,0.003705,0.003705,0
1562360040000,0.0036904,0.0036904,0.0036904,0.0036904,3928
1562360100000,0.0036997,0.003701,0.003701,0.0036997,87575
1562360160000,0.003701,0.003701,0.003701,0.003701,0
1562360220000,0.0037079,0.0037158,0.0037158,0.0037079,629155
1562360280000,0.003716,0.0037053,0.0037187,0.0037053,1077057
1562360340000,0.0037052,0.0037109,0.0037109,0.0037036,403408
1562360400000,0.0037109,0.0037128,0.0037129,0.0037109,539513
1562360460000,0.0037239,0.003724,0.003724,0.0037156,646302
1562360520000,0.003725,0.003727,0.003727,0.0037165,1718393
1562360580000,0.003727,0.003729,0.0037309,0.0037239,1254864
1562360640000,0.0037299,0.00373,0.00373,0.0037299,98612
1562360700000,0.0037202,0.0037165,0.0037202,0.0037165,101512
1562360760000,0.0037251,0.0037299,0.00373,0.0036906,1139950
1562360820000,0.00373,0.00373,0.003735,0.00373,378857
1562360880000,0.00373,0.003735,0.003735,0.00373,121989
1562360940000,0.00373,0.00373,0.00373,0.00373,151175
1562361000000,0.0037348,0.003735,0.003735,0.0037348,76568
1562361060000,0.003735,0.003735,0.003735,0.0037349,816864
1562361120000,0.003735,0.003735,0.003735,0.003735,56198
1562361180000,0.003735,0.0037383,0.0037383,0.0037059,143656
1562361240000,0.0037383,0.0037384,0.0037384,0.0037383,353919
1562361300000,0.0037384,0.0037346,0.0037384,0.0037346,379909
1562361360000,0.0037325,0.003717,0.0037325,0.0037166,95268
1562361420000,0.0037258,0.0037109,0.0037284,0.0037109,225803
1562361480000,0.0037297,0.0037299,0.00373,0.0037297,419501
1562361540000,0.00373,0.00373,0.00373,0.0037297,322747
1562361600000,0.00373,0.00373,0.0037375,0.00373,878002
1562361660000,0.003733,0.0037324,0.0037397,0.0037264,610522
1562361720000,0.0037328,0.0037332,0.0037332,0.0037328,308600
1562361780000,0.0037396,0.0037396,0.0037396,0.0037396,32365
1562361840000,0.0037385,0.0037397,0.0037397,0.0037385,124997
1562361900000,0.0037396,0.0037396,0.0037396,0.0037396,148134
1562361960000,0.0037396,0.0037398,0.0037398,0.0037342,205607
1562362020000,0.0037398,0.0037315,0.0037398,0.0037303,2427264
1562362080000,0.0037357,0.0037426,0.0037426,0.0037357,768978
1562362140000,0.0037426,0.0037407,0.00375,0.0037407,2609330
1562362200000,0.0037421,0.0037416,0.0037422,0.0037266,781635
1562362260000,0.0037389,0.0037389,0.0037389,0.0037389,7238
1562362320000,0.0037389,0.003735,0.0037389,0.003735,88874
1562362380000,0.003735,0.0037356,0.0037356,0.0037318,488680
1562362440000,0.0037391,0.003741,0.003741,0.0037293,1236539
1562362500000,0.003741,0.0037283,0.003741,0.003725,1030466
1562362560000,0.003732,0.0037247,0.0037322,0.0037247,673225
1562362620000,0.0037247,0.0037265,0.0037265,0.0037223,767080
1562362680000,0.0037265,0.0037304,0.003746,0.0037208,1170121
1562362740000,0.0037304,0.0037369,0.0037369,0.0037301,120812
1562362800000,0.0037369,0.0037435,0.0037435,0.00372,374756
1562362860000,0.0037432,0.0037315,0.0037432,0.0037301,1936919
1562362920000,0.003737,0.0037242,0.0037431,0.0037242,819494
1562362980000,0.0037241,0.0037233,0.0037241,0.0037124,1383349
1562363040000,0.0037192,0.0037253,0.0037253,0.0037115,1104502
1562363100000,0.0037148,0.0037068,0.0037226,0.00369,2127656
1562363160000,0.0037072,0.0036975,0.0037099,0.0036975,720552
1562363220000,0.0036975,0.0036875,0.0036977,0.0036875,687647
1562363280000,0.0036875,0.0036851,0.0036949,0.003685,1975245
1562363340000,0.0036849,0.003681,0.0036929,0.0036805,1275747
1562363400000,0.0036809,0.0036937,0.0037352,0.0036767,2621133
1562363460000,0.003694,0.0037072,0.003779,0.0036939,2252961
1562363520000,0.0037069,0.0037084,0.0037084,0.0036961,1050752
1562363580000,0.0037039,0.0037004,0.0037039,0.0037004,307937
1562363640000,0.0037058,0.0037058,0.0037058,0.0037058,107624
1562363700000,0.0037068,0.0037146,0.0037146,0.0037068,187242
1562363760000,0.0037223,0.0037033,0.0037223,0.0037033,1320905
1562363820000,0.0037117,0.0037101,0.003712,0.0037,1494418
1562363880000,0.0037085,0.0037101,0.0037101,0.0037085,460638
1562363940000,0.0037101,0.0037101,0.0037101,0.0037101,56961
1562364000000,0.0037111,0.0037109,0.0037111,0.0037109,460960
1562364060000,0.0037183,0.0036968,0.0037183,0.0036968,1717045
1562364120000,0.0037,0.0037021,0.0037021,0.00369,782323
1562364180000,0.0037055,0.0037112,0.003718,0.0037055,586143
1562364240000,0.0037102,0.0037196,0.0037201,0.0037097,1054835
1562364300000,0.0037178,0.00372,0.00372,0.0037178,320523
1562364360000,0.00372,0.00372,0.00372,0.00372,239044
1562364420000,0.00372,0.00372,0.00372,0.00372,35161
1562364480000,0.00372,0.00372,0.00372,0.00372,0
1562364540000,0.0037242,0.0037189,0.0037246,0.0037189,741900
1562364600000,0.0037242,0.0037177,0.0037242,0.0037177,20888
1562364660000,0.0037253,0.0037278,0.0037339,0.0037249,774474
1562364720000,0.0037205,0.00371,0.0037279,0.0037053,4795219
1562364780000,0.00371,0.003726,0.003726,0.00371,4129790
1562364840000,0.003726,0.003726,0.003726,0.003726,0
1562364900000,0.0037258,0.0037184,0.003726,0.0037184,977716
1562364960000,0.0037184,0.0037178,0.0037202,0.0037147,962943
1562365020000,0.0037183,0.0037235,0.0037235,0.003718,512945
1562365080000,0.003724,0.0037243,0.0037301,0.003724,1146724
1562365140000,0.0037291,0.0037169,0.0037291,0.0037121,574994
1562365200000,0.0037238,0.0037291,0.0037291,0.0037238,1043460
1562365260000,0.003729,0.0037291,0.0037291,0.003729,638909
1562365320000,0.0037251,0.0037289,0.0037291,0.0037169,819443
1562365380000,0.0037289,0.0037379,0.0037407,0.003719,902545
1562365440000,0.0037304,0.0037373,0.0037379,0.0037304,229218
1562365500000,0.0037378,0.0037378,0.0037378,0.0037378,10000
1562365560000,0.0037378,0.0037378,0.0037378,0.0037378,0
1562365620000,0.0037378,0.0037378,0.0037378,0.0037378,4900
1562365680000,0.0037379,0.003775,0.003775,0.0037379,8089365
1562365740000,0.0037788,0.0037527,0.0037788,0.0037527,883441
1562365800000,0.0037612,0.0037535,0.0037612,0.0037535,189604
1562365860000,0.0037535,0.0037535,0.0037535,0.0037535,0
1562365920000,0.0037533,0.0037535,0.0037535,0.0037416,917794
1562365980000,0.0037551,0.0037499,0.0037551,0.0037303,628821
1562366040000,0.0037432,0.0037401,0.0037432,0.0037401,100476
1562366100000,0.0037399,0.00374,0.00374,0.0037399,20879
1562366160000,0.0037401,0.00374,0.0037499,0.0037399,1248459
1562366220000,0.0037304,0.0037323,0.003733,0.0037302,763253
1562366280000,0.003739,0.0037169,0.003743,0.0037169,7080202
1562366340000,0.0037169,0.0037298,0.0037298,0.0037169,456566
1562366400000,0.0037298,0.0037298,0.0037298,0.0037298,20878
1562366460000,0.0037298,0.0037102,0.0037309,0.0037102,70867
1562366520000,0.0037241,0.0037101,0.0037294,0.0037101,377517
1562366580000,0.0037274,0.0037277,0.0037277,0.0037274,137967
1562366640000,0.0037275,0.0037248,0.0037275,0.0037102,192525
1562366700000,0.0037248,0.0037248,0.0037248,0.0037248,0
1562366760000,0.0037246,0.0037216,0.0037248,0.0037216,209206
1562366820000,0.0037243,0.0037398,0.0037398,0.0037109,989533
1562366880000,0.0037323,0.0037367,0.0037388,0.0037117,1066049
1562366940000,0.0037367,0.0037253,0.0037367,0.0037253,32105
1562367000000,0.0037364,0.0037323,0.0037366,0.0037323,345378
1562367060000,0.0037367,0.0037373,0.0037373,0.0037214,247878
1562367120000,0.0037362,0.0037387,0.0037388,0.0037362,172480
1562367180000,0.0037385,0.0037308,0.00374,0.0037308,475228
1562367240000,0.0037308,0.0037307,0.0037308,0.0037307,14790
1562367300000,0.0037307,0.0037307,0.0037307,0.0037307,0
1562367360000,0.0037307,0.0037307,0.0037307,0.0037307,0
1562367420000,0.0037307,0.0037307,0.0037307,0.0037307,0
1562367480000,0.0037455,0.0037431,0.0037457,0.0037431,345757
1562367540000,0.0037431,0.0037431,0.0037431,0.0037431,33357
1562367600000,0.0037431,0.0037431,0.0037431,0.0037431,5050
1562367660000,0.0037431,0.0037289,0.0037431,0.0037289,1529381
1562367720000,0.0037289,0.0037289,0.0037289,0.0037289,7291
1562367780000,0.0037289,0.0037289,0.0037289,0.0037289,0
1562367840000,0.0037428,0.0037428,0.0037428,0.0037428,75952
1562367900000,0.0037308,0.0037309,0.0037309,0.0037308,117745
1562367960000,0.003722,0.003722,0.003722,0.003722,257354
1562368020000,0.003717,0.0037177,0.0037192,0.0037133,518691
1562368080000,0.0037217,0.0037281,0.0037281,0.0037168,659645
1562368140000,0.003728,0.0037316,0.0037316,0.003728,122893
1562368200000,0.0037247,0.0037206,0.0037247,0.0037206,475816
1562368260000,0.0037368,0.0037368,0.0037368,0.0037368,2687
1562368320000,0.0037232,0.0037352,0.0037352,0.0037232,77728
1562368380000,0.0037326,0.003739,0.003739,0.0037325,155317
1562368440000,0.003739,0.0037352,0.0037431,0.0037312,1210140
1562368500000,0.0037237,0.0037382,0.0037382,0.0037237,399489
1562368560000,0.0037382,0.0037382,0.0037382,0.0037382,0
1562368620000,0.0037304,0.0037282,0.003739,0.0037282,154142
1562368680000,0.0037327,0.0037327,0.0037327,0.0037327,17146
1562368740000,0.003743,0.0037455,0.0037455,0.0037418,190998
1562368800000,0.0037477,0.0037329,0.0037477,0.0037329,188959
1562368860000,0.0037474,0.0037456,0.0037545,0.0037456,117001
1562368920000,0.003732,0.0037351,0.0037356,0.0037289,3042512
1562368980000,0.0037351,0.0037351,0.0037351,0.0037351,71735
1562369040000,0.0037351,0.0037351,0.0037351,0.0037263,1213247
1562369100000,0.0037334,0.0037432,0.0037432,0.0037234,1327414
1562369160000,0.0037355,0.0037419,0.003742,0.0037353,227040
1562369220000,0.0037439,0.003744,0.003744,0.003742,3484600
1562369280000,0.003744,0.0037614,0.0037631,0.0037421,1149403
1562369340000,0.003759,0.0037631,0.0037631,0.003759,1179344
1562369400000,0.0037665,0.0037861,0.0037861,0.0037665,2126012
1562369460000,0.0037861,0.0037824,0.0037999,0.0037802,1119078
1562369520000,0.0037825,0.0037962,0.0037967,0.0037825,873749
1562369580000,0.0037839,0.0037927,0.0037979,0.0037812,945405
1562369640000,0.0037928,0.0037913,0.0037928,0.0037817,943291
1562369700000,0.0037855,0.003785,0.0037855,0.003782,2705194
1562369760000,0.0037849,0.003783,0.0037849,0.0037601,642816
1562369820000,0.0037829,0.0037956,0.0037972,0.0037829,445285
1562369880000,0.0037854,0.0037854,0.0037854,0.0037854,2846
1562369940000,0.0037973,0.0037706,0.0037973,0.0037706,32290
1562370000000,0.0037971,0.0037971,0.0037971,0.0037971,161408
1562370060000,0.0037788,0.0037999,0.0037999,0.0037788,1120997
1562370120000,0.0037999,0.0037999,0.0037999,0.0037999,286516
1562370180000,0.0037998,0.0038011,0.0038119,0.0037998,1852591
1562370240000,0.003802,0.0037928,0.0038084,0.0037928,1121253
1562370300000,0.0037929,0.0037933,0.003808,0.0037929,58364
1562370360000,0.0037934,0.0037911,0.0038011,0.0037865,1871401
1562370420000,0.0037911,0.0038024,0.0038026,0.0037911,487523
1562370480000,0.0038024,0.0038235,0.0038237,0.003801,5598354
1562370540000,0.0038235,0.0038183,0.0038235,0.0038176,692179
1562370600000,0.0038208,0.0038197,0.0038209,0.0038182,2461260
1562370660000,0.0038197,0.0038182,0.0038223,0.0038182,2528760
1562370720000,0.0038182,0.0038176,0.0038182,0.0038176,3994245
1562370780000,0.00382,0.0038205,0.0038237,0.0038176,647413
1562370840000,0.0038177,0.0038176,0.0038237,0.0038176,3483837
1562370900000,0.003823,0.0038333,0.0038333,0.003819,1657958
1562370960000,0.0038328,0.0038325,0.0038382,0.0038288,7201842
1562371020000,0.0038324,0.0038364,0.0038364,0.0038176,6460617
1562371080000,0.00384,0.00385,0.003858,0.00384,2845023
1562371140000,0.0038542,0.0038701,0.0038736,0.0038503,3854187
1562371200000,0.0038741,0.00389,0.00389,0.0038714,6886814
1562371260000,0.00389,0.00388,0.00389,0.0038776,3102681
1562371320000,0.00388,0.00388,0.00388,0.0038722,4380532
1562371380000,0.00388,0.003914,0.003914,0.00388,6631500
1562371440000,0.003902,0.0039177,0.0039272,0.003902,2747571
1562371500000,0.0039337,0.0039371,0.0039426,0.0039182,5871717
1562371560000,0.0039301,0.0039285,0.0039305,0.0039022,4189607
1562371620000,0.0039268,0.003919,0.0039269,0.003912,2451855
1562371680000,0.0039179,0.003884,0.003925,0.003857,4160753
1562371740000,0.003884,0.0038988,0.00392,0.003884,3623181
1562371800000,0.0038934,0.0039018,0.0039206,0.0038934,1719761
1562371860000,0.0039021,0.0039109,0.0039179,0.0039,895247
1562371920000,0.0039109,0.0039233,0.003925,0.0039109,1686427
1562371980000,0.0039128,0.0039169,0.0039178,0.003901,1619907
1562372040000,0.0039001,0.0038829,0.0039001,0.0038674,4533423
1562372100000,0.0038907,0.0038838,0.0038907,0.0038828,3878856
1562372160000,0.0038907,0.0038622,0.0038907,0.0038622,3053470
1562372220000,0.003865,0.003865,0.003865,0.003865,73252
1562372280000,0.003873,0.0038785,0.0038788,0.0038474,3569432
1562372340000,0.0038716,0.00387,0.0038731,0.0038699,1742327
1562372400000,0.0038599,0.0038586,0.0038602,0.0038563,921000
1562372460000,0.0038596,0.0038602,0.0038602,0.0038596,228860
1562372520000,0.0038715,0.0038571,0.0038747,0.0038571,2101046
1562372580000,0.0038478,0.0038819,0.003882,0.0038473,1557348
1562372640000,0.003858,0.0038569,0.003878,0.0038509,1274930
1562372700000,0.0038718,0.00386,0.0038719,0.003858,1617743
1562372760000,0.0038655,0.00386,0.0038655,0.00386,122260
1562372820000,0.00386,0.0038517,0.00386,0.0038507,1717657
1562372880000,0.0038517,0.0038678,0.00387,0.0038517,1222561
1562372940000,0.0038708,0.0038618,0.0038709,0.0038618,305288
1562373000000,0.0038596,0.0038612,0.0038612,0.0038594,246087
1562373060000,0.0038616,0.0038609,0.0038681,0.0038577,1313754
1562373120000,0.0038652,0.0038513,0.0038652,0.0038513,446606
1562373180000,0.0038579,0.003855,0.0038604,0.0038428,3018564
1562373240000,0.0038565,0.0038617,0.0038643,0.0038508,2536161
1562373300000,0.003856,0.0038612,0.0038649,0.0038455,3099609
1562373360000,0.0038612,0.00385,0.0038629,0.00385,1079422
1562373420000,0.00385,0.0038545,0.0038545,0.0038394,2840850
1562373480000,0.0038486,0.0038483,0.0038486,0.0038483,376038
1562373540000,0.0038454,0.0038301,0.003863,0.0038301,1226572
1562373600000,0.0038309,0.0038353,0.003842,0.00383,1279666
1562373660000,0.0038353,0.0038342,0.0038353,0.0038236,2095875
1562373720000,0.0038297,0.00384,0.00384,0.0038297,407365
1562373780000,0.0038394,0.0038338,0.0038394,0.0038337,795914
1562373840000,0.0038333,0.0038367,0.0038367,0.0038331,338832
1562373900000,0.0038246,0.0038348,0.0038348,0.0038244,712827
1562373960000,0.0038348,0.0038371,0.0038371,0.0038348,6677
1562374020000,0.0038371,0.0038239,0.0038371,0.0038239,530495
1562374080000,0.0038321,0.003843,0.003843,0.0038289,929779
1562374140000,0.0038422,0.0038243,0.003845,0.0038243,3027249
1562374200000,0.0038339,0.0038372,0.0038562,0.0038269,3526368
1562374260000,0.0038381,0.0038407,0.0038407,0.003835,984482
1562374320000,0.0038408,0.003835,0.003841,0.003835,2649643
1562374380000,0.0038269,0.0038248,0.0038269,0.0038181,1980888
1562374440000,0.0038162,0.0038105,0.0038187,0.0037945,1321218
1562374500000,0.0038058,0.0037945,0.003811,0.0037945,3453356
1562374560000,0.0037945,0.0037882,0.0038079,0.003775,3096867
1562374620000,0.0037881,0.0037638,0.0037881,0.0037638,1666684
1562374680000,0.0037637,0.0038036,0.0038044,0.0037637,5336415
1562374740000,0.0038132,0.0038186,0.0038345,0.0038132,1942796
1562374800000,0.0038187,0.0038166,0.0038427,0.0038149,1375852
1562374860000,0.0038126,0.003789,0.0038196,0.003789,750575
1562374920000,0.0038101,0.0038329,0.00384,0.0038098,1266167
1562374980000,0.0038375,0.0038202,0.0038375,0.003801,3526582
1562375040000,0.0038223,0.0038233,0.00383,0.0038119,1278539
1562375100000,0.0038148,0.0038096,0.0038148,0.0037952,1864428
1562375160000,0.0038067,0.0038006,0.0038112,0.0038006,607153
1562375220000,0.0037983,0.00379,0.0038012,0.00379,1029356
1562375280000,0.00379,0.003805,0.003805,0.0037898,1631692
1562375340000,0.0038036,0.003791,0.0038036,0.003791,867647
1562375400000,0.0037951,0.0037918,0.0038049,0.0037844,1349505
1562375460000,0.0037918,0.0037947,0.0037947,0.0037881,1454744
1562375520000,0.0037896,0.0037887,0.0037896,0.0037886,900286
1562375580000,0.0037887,0.0037709,0.0037887,0.0037677,1343965
1562375640000,0.0037773,0.0037721,0.0037773,0.0037626,845114
1562375700000,0.0037702,0.0037702,0.0037702,0.0037702,20790
1562375760000,0.003769,0.0037529,0.003769,0.0037335,3468199
1562375820000,0.0037502,0.003737,0.0037502,0.003737,430015
1562375880000,0.0037352,0.0037378,0.003765,0.00372,2489447
1562375940000,0.0037277,0.0037551,0.0037551,0.0037165,2304385
1562376000000,0.0037551,0.0037352,0.0037567,0.0037352,1426894
1562376060000,0.0037282,0.0037403,0.003755,0.0037282,1978536
1562376120000,0.0037366,0.003704,0.0037366,0.003704,1622239
1562376180000,0.0037279,0.0037468,0.0037468,0.0037265,1804494
1562376240000,0.0037427,0.0037481,0.0037481,0.0037425,166462
1562376300000,0.0037503,0.0037577,0.0037577,0.003745,807419
1562376360000,0.0037577,0.0037624,0.0037702,0.00375,1632577
1562376420000,0.0037702,0.0037846,0.0037852,0.0037694,775082
1562376480000,0.0037844,0.003775,0.0037846,0.003775,1263843
1562376540000,0.0037751,0.0037745,0.0037751,0.0037539,1567009
1562376600000,0.0037538,0.0037503,0.0037571,0.0037503,89928
1562376660000,0.0037536,0.0037511,0.00376,0.0037503,787819
1562376720000,0.0037513,0.003788,0.0037881,0.00374,1254625
1562376780000,0.0037956,0.0038,0.0038,0.0037907,1157584
1562376840000,0.0038,0.0037976,0.0038064,0.0037976,1013047
1562376900000,0.003805,0.0037916,0.0038181,0.0037916,1809937
1562376960000,0.0038028,0.0038029,0.0038029,0.0038028,527235
1562377020000,0.0037949,0.0037945,0.0037994,0.0037495,3244664
1562377080000,0.0037926,0.0037861,0.0038044,0.0037861,954263
1562377140000,0.0037746,0.0037894,0.0037894,0.0037745,873739
1562377200000,0.0037941,0.0038044,0.0038044,0.003794,142892
1562377260000,0.0038044,0.0038044,0.0038044,0.0038044,0
1562377320000,0.0038099,0.0038094,0.0038099,0.0038055,586954
1562377380000,0.0038094,0.003803,0.0038094,0.0038027,682218
1562377440000,0.0037993,0.0038035,0.0038098,0.0037993,229994
1562377500000,0.0038066,0.0038001,0.0038068,0.0038001,216858
1562377560000,0.0038061,0.0038044,0.0038124,0.0038038,1620516
1562377620000,0.0038044,0.0038044,0.0038044,0.0038044,0
1562377680000,0.0038024,0.003799,0.0038024,0.0037973,698116
1562377740000,0.0037979,0.0037887,0.00381,0.0037887,1154703
1562377800000,0.0037899,0.0037854,0.0038046,0.0037854,812531
1562377860000,0.003779,0.0037831,0.0037831,0.0037789,80525
1562377920000,0.0037957,0.0037889,0.0037959,0.003786,176540
1562377980000,0.0037891,0.0037493,0.0037891,0.0037477,1615554
1562378040000,0.0037478,0.0037477,0.0037496,0.0037477,1299551
1562378100000,0.0037471,0.0037488,0.0037659,0.0037403,1369404
1562378160000,0.003749,0.0037401,0.003749,0.0037272,3301970
1562378220000,0.0037389,0.0037499,0.0037519,0.0037345,1182353
1562378280000,0.0037499,0.0037471,0.0037499,0.0037471,12828
1562378340000,0.0037471,0.0037471,0.0037471,0.0037471,0
1562378400000,0.0037394,0.0037471,0.0037665,0.00372,3331868
1562378460000,0.0037437,0.0037471,0.0037497,0.0037407,2059152
1562378520000,0.0037477,0.00373,0.0037537,0.00373,2472857
1562378580000,0.00373,0.0037276,0.0037327,0.0037274,497019
1562378640000,0.003734,0.0037368,0.0037559,0.003734,543527
1562378700000,0.003735,0.0037216,0.003735,0.0037108,2277612
1562378760000,0.00373,0.0037348,0.0037348,0.0037232,496570
1562378820000,0.0037334,0.0037468,0.0037477,0.0037248,2124041
1562378880000,0.0037396,0.0037595,0.0037665,0.0037396,1745353
1562378940000,0.003751,0.0037653,0.0037653,0.0037508,943319
1562379000000,0.0037642,0.0037627,0.0037746,0.003758,329710
1562379060000,0.0037532,0.0037702,0.0037702,0.0037529,1312595
1562379120000,0.0037724,0.0037724,0.0037724,0.0037724,134536
1562379180000,0.0037724,0.0037724,0.0037724,0.0037724,3359
1562379240000,0.0037599,0.0037599,0.0037599,0.0037501,853239
1562379300000,0.0037637,0.0037677,0.0037806,0.0037596,624806
1562379360000,0.0037603,0.0037633,0.0037682,0.0037584,1091847
1562379420000,0.0037635,0.0037616,0.0038,0.0037561,1690505
1562379480000,0.0037666,0.0037584,0.0037672,0.0037578,1588929
1562379540000,0.0037617,0.0037729,0.0037729,0.0037504,830926
1562379600000,0.0037731,0.0037708,0.0037731,0.0037708,313266
1562379660000,0.0037708,0.0037708,0.0037708,0.0037708,109135
1562379720000,0.0037755,0.0037755,0.0037755,0.0037755,110749
1562379780000,0.0037848,0.003805,0.003805,0.0037848,2690950
1562379840000,0.0037921,0.0037943,0.003802,0.0037921,322003
1562379900000,0.0037999,0.003798,0.0037999,0.00379,1591182
1562379960000,0.0037979,0.0038031,0.0038031,0.0037854,1277445
1562380020000,0.0038029,0.0038021,0.0038031,0.0038021,383772
1562380080000,0.0038021,0.0038021,0.0038021,0.0038021,0
1562380140000,0.0038031,0.0038065,0.0038065,0.0038031,1592660
1562380200000,0.0038025,0.0037989,0.0038025,0.0037949,333344
1562380260000,0.0038099,0.0038099,0.0038099,0.0038099,160026
1562380320000,0.0038084,0.0038079,0.0038118,0.0037855,2152397
1562380380000,0.0038078,0.0038066,0.0038105,0.0038042,1047842
1562380440000,0.0038028,0.0038028,0.0038028,0.0038028,96157
1562380500000,0.0038028,0.0038,0.0038028,0.0038,105331
1562380560000,0.0038,0.0038,0.0038,0.0038,5498
1562380620000,0.0038,0.0038012,0.0038012,0.0037937,1589011
1562380680000,0.0037855,0.0037874,0.0037895,0.0037791,76886
1562380740000,0.0037874,0.0037874,0.0037874,0.0037874,2032
1562380800000,0.0037876,0.0037858,0.0037876,0.0037858,178809
1562380860000,0.0037832,0.0037754,0.0037915,0.0037754,241931
1562380920000,0.0037779,0.0037684,0.0037779,0.0037665,408105
1562380980000,0.0037758,0.0037773,0.0037773,0.0037682,251936
1562381040000,0.0037746,0.003769,0.0037746,0.003769,247080
1562381100000,0.0037685,0.00377,0.00377,0.0037683,193185
1562381160000,0.0037684,0.003776,0.0037797,0.003765,1351266
1562381220000,0.003776,0.0037722,0.0037787,0.0037722,1968004
1562381280000,0.0037722,0.0037506,0.0037722,0.0037506,1425600
1562381340000,0.0037561,0.0037515,0.0037561,0.0037515,288455
1562381400000,0.0037583,0.0037587,0.0037588,0.0037583,104141
1562381460000,0.003759,0.003759,0.003759,0.003759,151180
1562381520000,0.0037782,0.0037782,0.0037782,0.0037782,5530
1562381580000,0.0037782,0.0037782,0.0037782,0.0037782,0
1562381640000,0.0037782,0.0037782,0.0037782,0.0037782,0
1562381700000,0.0037639,0.0037637,0.0037639,0.0037637,204980
1562381760000,0.0037624,0.00375,0.0037632,0.00375,1103990
1562381820000,0.0037584,0.00374,0.0037617,0.0037371,1808423
1562381880000,0.00374,0.00374,0.00374,0.003737,1539564
1562381940000,0.0037372,0.0037404,0.0037404,0.0037334,1405047
1562382000000,0.0037404,0.0037373,0.0037415,0.0037373,369856
1562382060000,0.0037475,0.0037475,0.0037475,0.0037475,30195
1562382120000,0.0037476,0.0037476,0.0037476,0.0037476,100899
1562382180000,0.0037476,0.0037476,0.0037476,0.0037476,0
1562382240000,0.0037411,0.003739,0.0037411,0.003739,534196
1562382300000,0.003739,0.003739,0.003739,0.003739,0
1562382360000,0.0037385,0.0037356,0.003746,0.0037356,601150
1562382420000,0.0037332,0.0037296,0.0037357,0.003715,3282921
1562382480000,0.0037356,0.0037351,0.0037356,0.0037268,669189
1562382540000,0.0037293,0.0037336,0.00374,0.003728,1438951
1562382600000,0.0037337,0.0037331,0.0037337,0.0037282,125936
1562382660000,0.003735,0.003731,0.003735,0.003731,76448
1562382720000,0.0037316,0.0037316,0.0037475,0.0037316,255956
1562382780000,0.003732,0.003732,0.003732,0.0037319,183203
1562382840000,0.0037464,0.0037321,0.0037464,0.0037321,25245
1562382900000,0.0037332,0.003732,0.0037332,0.003732,843001
1562382960000,0.003732,0.0037302,0.003732,0.0037302,376370
1562383020000,0.0037307,0.00374,0.00374,0.0037307,342770
1562383080000,0.00374,0.00374,0.00374,0.00374,0
1562383140000,0.0037395,0.0037396,0.0037396,0.0037395,170012
1562383200000,0.0037396,0.0037396,0.0037396,0.0037396,0
1562383260000,0.0037242,0.0037239,0.0037242,0.0037239,109388
1562383320000,0.0037239,0.0037239,0.0037239,0.0037239,140643
1562383380000,0.0037408,0.0037353,0.0037408,0.0037353,359586
1562383440000,0.0037334,0.0037477,0.0037477,0.0037334,316379
1562383500000,0.0037357,0.003731,0.0037359,0.0037302,1014931
1562383560000,0.003731,0.003731,0.003731,0.003731,0
1562383620000,0.0037433,0.0037323,0.0037433,0.0037323,255376
1562383680000,0.0037351,0.003735,0.0037351,0.003735,20000
1562383740000,0.003735,0.0037352,0.0037352,0.0037289,1037404
1562383800000,0.0037352,0.0037352,0.0037352,0.0037352,0
1562383860000,0.0037315,0.0037347,0.003738,0.003731,545115
1562383920000,0.0037347,0.0037433,0.0037433,0.0037328,637497
1562383980000,0.0037378,0.0037378,0.0037378,0.0037378,48225
1562384040000,0.0037377,0.0037377,0.0037406,0.0037377,528926
1562384100000,0.0037435,0.0037425,0.0037507,0.0037425,317236
1562384160000,0.0037446,0.003755,0.003755,0.003742,668472
1562384220000,0.0037554,0.0037446,0.0037554,0.0037446,277836
1562384280000,0.0037506,0.0037664,0.0037665,0.0037506,533546
1562384340000,0.0037463,0.0037505,0.0037505,0.0037434,693146
1562384400000,0.0037477,0.0037477,0.0037477,0.0037477,9524
1562384460000,0.0037491,0.0037492,0.0037492,0.0037491,100000
1562384520000,0.0037492,0.0037492,0.0037492,0.0037492,0
1562384580000,0.0037435,0.0037439,0.0037439,0.0037416,444157
1562384640000,0.0037491,0.0037491,0.0037491,0.0037491,6000
1562384700000,0.0037491,0.0037493,0.0037493,0.0037491,81639
1562384760000,0.0037505,0.0037505,0.0037505,0.0037505,222098
1562384820000,0.0037547,0.003755,0.003755,0.0037539,809741
1562384880000,0.0037494,0.00376,0.00376,0.0037491,1670148
1562384940000,0.0037571,0.0037472,0.0037571,0.0037472,535440
1562385000000,0.0037571,0.0037541,0.0037614,0.0037522,2492695
1562385060000,0.0037563,0.0037562,0.0037563,0.0037562,306357
1562385120000,0.003753,0.0037527,0.0037609,0.0037488,1483842
1562385180000,0.0037501,0.0037501,0.0037501,0.0037501,119591
1562385240000,0.0037546,0.0037546,0.0037546,0.0037546,4000
1562385300000,0.0037639,0.0037693,0.00377,0.0037619,1003872
1562385360000,0.0037679,0.0037643,0.0037679,0.0037531,1004227
1562385420000,0.0037645,0.0037632,0.0037657,0.0037609,266124
1562385480000,0.0037632,0.0037674,0.0037674,0.0037566,324716
1562385540000,0.0037576,0.003767,0.003769,0.0037576,608145
1562385600000,0.0037674,0.0037674,0.0037674,0.0037674,74056
1562385660000,0.0037747,0.0037616,0.0037749,0.0037477,1386411
1562385720000,0.0037619,0.003777,0.0037896,0.0037619,1046203
1562385780000,0.0037807,0.0037764,0.0037807,0.0037764,959521
1562385840000,0.0037716,0.0037854,0.0037854,0.0037716,605403
1562385900000,0.0037905,0.0037927,0.0037965,0.003779,2209068
1562385960000,0.0037927,0.0038092,0.0038116,0.0037927,1034181
1562386020000,0.0037985,0.0037985,0.0037985,0.0037955,445417
1562386080000,0.0037985,0.0038039,0.0038039,0.0037913,544024
1562386140000,0.0038004,0.0038011,0.0038011,0.0038004,133563
1562386200000,0.003797,0.0038046,0.0038127,0.003797,685117
1562386260000,0.0038027,0.0037981,0.0038027,0.0037854,575967
1562386320000,0.0037921,0.0038023,0.0038028,0.003792,549923
1562386380000,0.0038023,0.0038023,0.0038023,0.0038023,0
1562386440000,0.0038,0.0038017,0.0038023,0.0038,579061
1562386500000,0.0037951,0.0037954,0.0037971,0.0037918,972299
1562386560000,0.0037966,0.0037854,0.0038016,0.0037854,1112041
1562386620000,0.0037823,0.0037929,0.0037929,0.0037823,1176903
1562386680000,0.0037857,0.0037883,0.0037883,0.0037854,1635405
1562386740000,0.0037826,0.0037829,0.0037829,0.003779,518268
1562386800000,0.0037829,0.0037826,0.0037885,0.003777,1321204
1562386860000,0.0037848,0.0037831,0.0037849,0.0037831,269726
1562386920000,0.0037836,0.0037903,0.0037915,0.0037836,388014
1562386980000,0.0037902,0.0037894,0.0037956,0.0037894,447970
1562387040000,0.003789,0.003788,0.003789,0.003783,227787
1562387100000,0.0037711,0.0037827,0.0037828,0.0037711,1135574
1562387160000,0.0037826,0.0037826,0.0037826,0.0037826,78926
1562387220000,0.003777,0.0037813,0.0037813,0.0037665,628846
1562387280000,0.0037615,0.0037797,0.0037797,0.0037615,192336
1562387340000,0.0037788,0.0037812,0.0037817,0.0037788,69736
1562387400000,0.0037825,0.0037919,0.0037919,0.0037825,664046
1562387460000,0.0037838,0.0037781,0.003784,0.0037781,528167
1562387520000,0.0037853,0.0037854,0.0037854,0.0037853,316176
1562387580000,0.0037854,0.0037854,0.0037854,0.0037854,0
1562387640000,0.0037879,0.00379,0.0037926,0.0037879,992163
1562387700000,0.0037838,0.0037781,0.0037838,0.0037781,525523
1562387760000,0.0037781,0.003767,0.0037807,0.003767,918960
1562387820000,0.0037759,0.0037643,0.0037782,0.0037609,741419
1562387880000,0.0037644,0.003763,0.0037644,0.0037628,984063
